company_profile,description,requirements,benefits,fake
dice gets fans the best tickets at face value with,dice is the smartest ticketing app on earth and were,you live in londonbrilliant communication skills both written and verbalexperience,youll be working with smart people who have amazing ideas,0
from the lands of can do roll our sleeves up,apcera is revolutionizing enterprise technology and the experiences around it,responsibilitieswork with the ux architects prototype to generate the list,competitive salary amp equitygreat location in the heart of soma,0
staffing amp recruiting done right for the oil amp energy,director of engineering applications san francisco caour team is composed,what you bring to the tablebs ms in computer science,what we offer competitive salary excellent benefits and some of the,1
crest financial is one of the leading privately held consumer,crest financial is a fun energetic successful established finance and,high school diploma or general education degree gedone to three,medicaldental benefits for full time employeescommissionspaid holidaysopportunity for growthraisesmonthly incentivesbonuses,0
at atlas lift tech safety always comes first  we are,we are looking for emts to become lift coaches at,position responsibilitiesteaching safe patient handling methodology to existing hospital staffperforming,at atlas lift tech we are innovators and we value,0
were an emerging technology agency and we build breakthrough products,you love clients and getting to be a conduit for,we want you if you have years of interactive visual,why work for mutual mobile we craft beautiful mobile interfaces,0
super soccer stars is the countrys most popular soccer development,super soccer stars is excited to offer a dynamic position,minimum of years experience in the field of marketing with,we offer a competitive starting salary excellent growth potential outstanding,0
want to build a st century financial servicewere convinced that,transferwise is the clever new way to move money between,were looking for someone whoproven track record in sourcing across,you will join one of europes most hotly tipped startups,0
why csdcsd is not only a great place to work,the mobile applications developer at csd will design and deliver,bs in computer science or a related field or significant,csd offers a competitive benefits package for fulltime employees for a,0
founded in by a team from googles london and new,qubit cutting edge big data engineeringqubit are looking for an,what youll needexperienceminimum of a babs or higher from top,plenty of perksas well as the opportunity to solve complex,0
abc supply co inc is the nations largest wholesale distributor,as an outside sales representative you must have excellent sales,track record of sales success bb or bcno minimum experience,as an outside sales representative you will receive paid sales,0
marketinvoice is one of the most highprofile london based fintech,backgrounda senior sales and account management role in the business,years sales experience in bb solution sales in either the,based in our manchester officecompetitive basic salary highly incentivised pay structureuncapped,0
staffing amp recruiting done right for the oil amp energy,health amp safety professional bakersfield cathis position monitors analyzes recommends,duties and responsibilitiesprovides safety policy and program clarification to employees,what is offeredcompetitive compensation package matched retirement fundannual vacations paid,1
cylance is a global cybersecurity products and service company specializeing,cylance is looking for expert researchers to help solve longstanding,qualificationsmsphd in a relevant discipline or bs with years experienceinterest,comprehensive package including medical dental vision k life insurance and,0
as augmented reality jobs go one at blippar is hard,we are looking for an amazing senior server side big,we need an experienced big data engineer who understands the,our bright open centrally located offices are energetic environments bursting,0
urlddbfaeecfaccfbffccfbbafacbefbee and aptitude staffing solutions have partnered up in an,senior software engineer qa automationquality assurance san mateo caas a,qualifications bs in computer science or similar field in lieu,our core values drive our culture this is what we,1
startup institute is the career accelerator offering transformative educational experiences for,have you ever built a toy house out of popsicle,note years of experience in a startup or fastpaced work,we are a fun supportive team that spends more time,0
bcv is the premier fullservice social media provider in the,the director of strategy is to contribute at a senior,have a bachelors degree and at least six years of,monthly gym membershipmonthly phone stipend and new iphone upgradehealth vision,0
adthena is the uks leading competitive intelligence service for google,are you interested in a satisfying and financially rewarding role,youll need to be smart and passionate and have years,in return well pay you well give you some ownership,0
we place highly qualified governors governesses nannies and private tutors,a russian school in the south of moscow are looking,all applicants should be currently living in moscow all applicants,the working hours would be monfri can provide visa assistance,0
the accion  story began more than years ago in the,our call center rep would be expected to be experts,requirementsthe qualifications for this position ensure your personal and professional,coverage of dental vision and life insurance coverage of medical,1
as the industrys largest supply contracting company novation serves the,are you looking for a career in customer service where,dedicated people who enjoy helping othershigh school diploma ged or,top hourly wage medical benefits k retirement savings tuition reimbursement,1
staffing amp recruiting done right for the oil amp energy,company descriptionrefined resources specializes in directhire placements temporary temphire and,required qualifications years oil treating water plant and steam generator,what is being offered world renowned leadershipopportunity for advancement quickly as,1
jungle ventures is the leading singapore based entrepreneur backed venture,docdoc are searching for a creative talented and enthusiastic professional,expert in google adwordshealthcare industry experience is preferred but not,competive cash real equity for the right personwe want this,0
marketinvoice is one of the most highprofile london based fintech,backgrounda sales and account management role in the business development,years bb solution sales experience is favorable but individuals looking,based in our london holborn officefull time basic salary of,0
staffing amp recruiting done right for the oil amp energy,we are a fullservice engineering project management design and safety,qualificationsknowledge of oilgas processes including upstreammidstream processesexperience with facilitating pha,clean safe enjoyable environment to work in with a great,1
we have aggressive growth plans in place for the coming,we provide no credit check financing to customers of small,experience and skills  required minimum of years of sales experience,complete online training and office support flexible working environment an,1
aker solutions is a global provider of products systems and,corporate overviewaker solutions is a global provider of products systems,qualifications amp personal attributes technical education bsc msc or phd,we offer  friendly colleagues in an industry with a bright,1
weblinc is the ecommerce platform and services provider for the,weblinc is looking for a regional sales director for the,minimum of years experience in sales at least years experience,health amp wellnessmedical planprescription drug plandental planvision planflexible spending accountshortterm,0
green street advisors is the industry leader in real estate,green street advisors is the preeminent independent research trading and,in addition to a strongwork ethic and motivation to learn,green street advisors is the preeminent independent research trading and,0
want to build a st century financial servicewere convinced that,were looking for a talented growth wunderkind to join our,must havesentrepreneurial passionate about business and technology and strong commercial,you will join one of europes most hotly tipped startups,0
stack exchange is a fastgrowing network of over question and,we arestack exchange is a fastgrowing network of over question,what youll need to haveexperience in a customer facing technical,what well we give you in returnour office is based,0
thanks for visiting our job board please review our open,role summaryinternational recruitment manager will be accountable for the international talent,years experience in international recruitingthe preferred candidate has a background,cequens offers excellent compensation and benefits package and a company,0
neverbland is a team of designers developers and doers specialists in,some of us are born with the ability to multi,years agency experience in a producerproject manager role essentialthe ability,work in a dynamic creative environmentlearn firsthand about how to,0
depop is an exciting new mobile marketplace where you can,about depopdepop is an exciting new mobile marketplace where you,about youincurably and insatiably curious years experience in a business,generous salarygreat offices near old streetapple equipmentworking with a wellfunded,0
seconds the worlds cloud video production service seconds is the,organised focused vibrant awesomedo you have a passion for customer,what we expect from youyour key responsibility will be to,what you will get from usthrough being part of the,0
everyone has a story to tell everyone is unique everyone,closely work with other members of the product team to,required experienceminimum year of experience as a web designerrequired technical,competitive salary commensurate with skills and work experiencecompany stock incentive,0
marketinvoice is one of the most highprofile london based fintech,marketinvoice is looking for a settlements analyst to join our,strong attention to detail with a high level of accuracyexcellent,competitive base salarythe opportunity to progress your career at one,0
outstanding member service starts with outstanding peopleif you are committed,would you like to work for a trusted organization that,successful candidate will possess a great positive attitude and the,our people are our most valuable asset we recognize their,0
hello worldtalents drives the change in digital recruitment and develops,our company is a young fastgrowing startup we launched our,education kauffrau kaufmann fr tourismus und freizeit reisebrokauffraukaufmann reiseverkehrskauffraukaufmann studium im,parttime position at our office in munichstart augsept onwards and,0
airenvys mission is to provide lucrative yet hassle free full,who is airenvyhey there we are seasoned entrepreneurs in the,experience with crm software live chat and phones including one,competitive pay youll be able to eat steak everyday if you,0
aptitude staffing solutions has redesigned the recruiting wheel our innovative,senior engineering product manageras a member of the service provider,skills and requirements msee with years of experience in customer premise,what is offeredbroad responsibility autonomy and visibility in an engineering,1
callcentre people recruitment is recognised as being specialists within the,our client requires a helpdesk specialist who will assist schools,the main responsibilities for the position are       professionally and proactively,the benefits for the successful candidate are         competitive salary and,0
our passion for improving quality of life through geography is,the company esri environmental systems research instituteour passion for improving,education bachelors or masters in gis business administration or a related,our culture is anything but corporatewe have a collaborative creative,0
indigo new media is an advertising agency specialized in digital,indigo new media is an advertising agency specialized in digital,strong enthusiastic and passionate can do attitudeuniversitys degree in marketing,training and development plancareer development opportunities for the more ambitiouscooperation,0
mentors answers the question what do you want to be,mentors we are aspiring to change education by redefining the way,we are considering the following requirementsexcellent command of formal english both,immediate financial rewards or equity options will be discussed in case,0
pei media urlcffebdacdededaecbefccd provides a range of highly respected publications and,pei media urlcffebdacdededaecbefccd provides a range of highly respected publications and,you will have some experience in professional book commissioning youll,in addition to an excellent salary and benefits package pei offers highly rewarding career,0
hello worldtalents drives the change in digital recruitment and develops,we are the most efficient and motivating way to become,strong communication skillshands on approach with focus on execution a,high impact and responsibility in a very successful and fast,0
our team is carefully balanced with the best specialists in,goalslanuch and maintain world class services for our customersunderstand customer,if youare motivated by the possibility to ctreate something from,we offera chance to make a dent in the universeautonomy,0
zaius is a digital intuition platform enabling companies to optimize,zaius is a startup building a saas product to give,we are looking for talented engineers who meet qualifications similar,competitive salaryemployee stock option planhealth dental visionklife and disability insurancepto,0